image,actual,top1,top1_confidence,top1_correct,top3,top3_correct,latency_ms
datasets\processed\combined_kaggle_v2\test\Gir\Gir_07a4f02f9790.jpg,Gir,Gir,0.8201046586036682,True,Gir|Sahiwal|Tharparkar,True,161.07480000937358
datasets\processed\combined_kaggle_v2\test\Gir\Gir_1307efd1834b.jpg,Gir,Gir,0.5893953442573547,True,Gir|Sahiwal|Hallikar,True,57.29159998008981
datasets\processed\combined_kaggle_v2\test\Gir\Gir_154c1c86e84c.jpg,Gir,Gir,0.9806901812553406,True,Gir|Sahiwal|Tharparkar,True,65.63539995113388
datasets\processed\combined_kaggle_v2\test\Gir\Gir_1b5934d15aaf.jpg,Gir,Gir,0.48071473836898804,True,Gir|Sahiwal|Hallikar,True,48.66480000782758
datasets\processed\combined_kaggle_v2\test\Gir\Gir_2715ffbf3132.jpg,Gir,Gir,0.9662598371505737,True,Gir|Sahiwal|Tharparkar,True,94.35580001445487
datasets\processed\combined_kaggle_v2\test\Gir\Gir_2f4e165e1c54.jpg,Gir,Gir,0.8549481630325317,True,Gir|Murrah|Ongole,True,68.98799998452887
datasets\processed\combined_kaggle_v2\test\Gir\Gir_3327f21a3845.jpg,Gir,Gir,0.7806895971298218,True,Gir|Sahiwal|Tharparkar,True,75.90379996690899
datasets\processed\combined_kaggle_v2\test\Gir\Gir_41baa563f0c4.jpg,Gir,Sahiwal,0.5264516472816467,False,Sahiwal|Tharparkar|Gir,True,76.0951999691315
datasets\processed\combined_kaggle_v2\test\Gir\Gir_47a85eb87ec7.jpg,Gir,Sahiwal,0.5289615392684937,False,Sahiwal|Gir|Tharparkar,True,46.82320001302287
datasets\processed\combined_kaggle_v2\test\Gir\Gir_49b58768d8e0.jpg,Gir,Gir,0.4784141778945923,True,Gir|Tharparkar|Hallikar,True,111.34629999287426
datasets\processed\combined_kaggle_v2\test\Gir\Gir_4ab8fcb140f6.jpg,Gir,Gir,0.8544418811798096,True,Gir|Tharparkar|Ongole,True,69.39730001613498
datasets\processed\combined_kaggle_v2\test\Gir\Gir_4de36666f497.jpg,Gir,Hallikar,0.45128926634788513,False,Hallikar|Gir|Sahiwal,True,57.34810000285506
datasets\processed\combined_kaggle_v2\test\Gir\Gir_5370198ad57e.jpg,Gir,Gir,0.9547776579856873,True,Gir|Murrah|Hallikar,True,58.118199987802655
datasets\processed\combined_kaggle_v2\test\Gir\Gir_54fcfb386602.jpg,Gir,Gir,0.981145441532135,True,Gir|Sahiwal|Murrah,True,80.10169997578487
datasets\processed\combined_kaggle_v2\test\Gir\Gir_665cde9da235.jpg,Gir,Sahiwal,0.7495582699775696,False,Sahiwal|Gir|Tharparkar,True,61.783900018781424
datasets\processed\combined_kaggle_v2\test\Gir\Gir_68f91cdb5f19.jpg,Gir,Gir,0.664986252784729,True,Gir|Sahiwal|Murrah,True,48.02880005445331
datasets\processed\combined_kaggle_v2\test\Gir\Gir_7ceab3cfee87.jpg,Gir,Sahiwal,0.6498302817344666,False,Sahiwal|Murrah|Gir,True,53.8568000192754
datasets\processed\combined_kaggle_v2\test\Gir\Gir_8234e843ef80.jpg,Gir,Gir,0.8494848012924194,True,Gir|Sahiwal|Ongole,True,54.219899990130216
datasets\processed\combined_kaggle_v2\test\Gir\Gir_87cc6598df9b.jpg,Gir,Gir,0.7369410991668701,True,Gir|Murrah|Hallikar,True,68.97580000804737
datasets\processed\combined_kaggle_v2\test\Gir\Gir_8b9fe0febe30.jpg,Gir,Gir,0.5592418313026428,True,Gir|Sahiwal|Hallikar,True,58.41990001499653
datasets\processed\combined_kaggle_v2\test\Gir\Gir_9c009ebc9b3f.jpg,Gir,Gir,0.7258166670799255,True,Gir|Hallikar|Tharparkar,True,71.74440001836047
datasets\processed\combined_kaggle_v2\test\Gir\Gir_b7bd00b7dc61.jpg,Gir,Hallikar,0.38764598965644836,False,Hallikar|Gir|Sahiwal,True,67.94989999616519
datasets\processed\combined_kaggle_v2\test\Gir\Gir_c5f0a89c0e94.jpg,Gir,Sahiwal,0.74712073802948,False,Sahiwal|Gir|Hallikar,True,88.15659995889291
datasets\processed\combined_kaggle_v2\test\Gir\Gir_cb3fb0edca97.jpg,Gir,Gir,0.8755002021789551,True,Gir|Sahiwal|Tharparkar,True,45.112900028470904
datasets\processed\combined_kaggle_v2\test\Gir\Gir_e4d166a4af1d.jpg,Gir,Gir,0.6940864324569702,True,Gir|Sahiwal|Murrah,True,54.26030000671744
datasets\processed\combined_kaggle_v2\test\Gir\Gir_f21d7490e9ac.jpg,Gir,Gir,0.7862295508384705,True,Gir|Sahiwal|Murrah,True,51.85930000152439
datasets\processed\combined_kaggle_v2\test\Gir\Gir_f5cdea103923.jpg,Gir,Gir,0.830477774143219,True,Gir|Sahiwal|Hallikar,True,85.10789996944368
datasets\processed\combined_kaggle_v2\test\Gir\Gir_f5eb1fc48cbd.jpg,Gir,Sahiwal,0.48576489090919495,False,Sahiwal|Gir|Murrah,True,61.58929999219254
datasets\processed\combined_kaggle_v2\test\Gir\Gir_f75400817fbe.jpg,Gir,Gir,0.4463897943496704,True,Gir|Sahiwal|Ongole,True,64.03260002844036
datasets\processed\combined_kaggle_v2\test\Gir\Gir_fdb8efb1724b.jpg,Gir,Gir,0.8095353245735168,True,Gir|Sahiwal|Tharparkar,True,45.30440003145486
datasets\processed\combined_kaggle_v2\test\Hallikar\Hallikar_05a5ccd822cb.jpg,Hallikar,Hallikar,0.8738940954208374,True,Hallikar|Ongole|Tharparkar,True,45.73140002321452
datasets\processed\combined_kaggle_v2\test\Hallikar\Hallikar_1ab50db3f7d0.jpg,Hallikar,Hallikar,0.8686062097549438,True,Hallikar|Murrah|Gir,True,49.35190000105649
datasets\processed\combined_kaggle_v2\test\Hallikar\Hallikar_2ab3eb7c3651.jpg,Hallikar,Hallikar,0.7235512733459473,True,Hallikar|Gir|Ongole,True,55.44190004002303
datasets\processed\combined_kaggle_v2\test\Hallikar\Hallikar_3469047c2dde.jpg,Hallikar,Hallikar,0.9732845425605774,True,Hallikar|Gir|Tharparkar,True,65.35739998798817
datasets\processed\combined_kaggle_v2\test\Hallikar\Hallikar_3ace8a66e130.jpg,Hallikar,Hallikar,0.9231459498405457,True,Hallikar|Ongole|Tharparkar,True,53.37959999451414
datasets\processed\combined_kaggle_v2\test\Hallikar\Hallikar_3c2ed156ff89.jpg,Hallikar,Murrah,0.5412842035293579,False,Murrah|Hallikar|Tharparkar,True,55.72150001535192
datasets\processed\combined_kaggle_v2\test\Hallikar\Hallikar_453228a8d366.jpg,Hallikar,Hallikar,0.46027103066444397,True,Hallikar|Ongole|Tharparkar,True,44.74939999636263
datasets\processed\combined_kaggle_v2\test\Hallikar\Hallikar_454f44b212fe.jpg,Hallikar,Murrah,0.38684526085853577,False,Murrah|Hallikar|Ongole,True,59.08759997691959
datasets\processed\combined_kaggle_v2\test\Hallikar\Hallikar_557862027731.jpg,Hallikar,Hallikar,0.35510513186454773,True,Hallikar|Tharparkar|Ongole,True,73.9119000500068
datasets\processed\combined_kaggle_v2\test\Hallikar\Hallikar_59eb8b7f9bed.jpg,Hallikar,Hallikar,0.5320098400115967,True,Hallikar|Ongole|Tharparkar,True,59.496300003957
datasets\processed\combined_kaggle_v2\test\Hallikar\Hallikar_5b720f43c6e8.jpg,Hallikar,Hallikar,0.8896558880805969,True,Hallikar|Ongole|Tharparkar,True,61.547899967990816
datasets\processed\combined_kaggle_v2\test\Hallikar\Hallikar_5e7bd103497a.jpg,Hallikar,Hallikar,0.5878477692604065,True,Hallikar|Ongole|Tharparkar,True,52.31820000335574
datasets\processed\combined_kaggle_v2\test\Hallikar\Hallikar_679772b33975.jpg,Hallikar,Hallikar,0.7628167271614075,True,Hallikar|Ongole|Tharparkar,True,54.65930001810193
datasets\processed\combined_kaggle_v2\test\Hallikar\Hallikar_76e58f9b3318.jpg,Hallikar,Hallikar,0.5600767135620117,True,Hallikar|Tharparkar|Ongole,True,73.98809998994693
datasets\processed\combined_kaggle_v2\test\Hallikar\Hallikar_78160c178548.jpg,Hallikar,Hallikar,0.8002809286117554,True,Hallikar|Tharparkar|Ongole,True,71.73199998214841
datasets\processed\combined_kaggle_v2\test\Hallikar\Hallikar_81f07d1a547f.jpg,Hallikar,Hallikar,0.750842273235321,True,Hallikar|Ongole|Tharparkar,True,57.06379999173805
datasets\processed\combined_kaggle_v2\test\Hallikar\Hallikar_a5c75e84695d.jpg,Hallikar,Hallikar,0.3696173429489136,True,Hallikar|Sahiwal|Ongole,True,54.01299998629838
datasets\processed\combined_kaggle_v2\test\Hallikar\Hallikar_ade60fba8525.jpg,Hallikar,Hallikar,0.9243900775909424,True,Hallikar|Ongole|Tharparkar,True,46.20829998748377
datasets\processed\combined_kaggle_v2\test\Hallikar\Hallikar_ce9b8f666ee7.jpg,Hallikar,Hallikar,0.6661510467529297,True,Hallikar|Ongole|Tharparkar,True,49.31829997804016
datasets\processed\combined_kaggle_v2\test\Hallikar\Hallikar_e0083c2d3308.jpg,Hallikar,Hallikar,0.9069743752479553,True,Hallikar|Tharparkar|Ongole,True,58.676599990576506
datasets\processed\combined_kaggle_v2\test\Hallikar\Hallikar_e1a5a3d5ef9c.jpg,Hallikar,Hallikar,0.4326361119747162,True,Hallikar|Ongole|Gir,True,72.43290002224967
datasets\processed\combined_kaggle_v2\test\Hallikar\Hallikar_e1eda4d4aaa3.jpg,Hallikar,Hallikar,0.8984607458114624,True,Hallikar|Ongole|Murrah,True,58.98400000296533
datasets\processed\combined_kaggle_v2\test\Hallikar\Hallikar_e210ab39cec5.jpg,Hallikar,Hallikar,0.545406699180603,True,Hallikar|Ongole|Tharparkar,True,55.91719999210909
datasets\processed\combined_kaggle_v2\test\Hallikar\Hallikar_e4ee2c14420a.jpg,Hallikar,Hallikar,0.7395051121711731,True,Hallikar|Ongole|Tharparkar,True,48.586999997496605
datasets\processed\combined_kaggle_v2\test\Hallikar\Hallikar_e703bd7f97bc.jpg,Hallikar,Hallikar,0.8854653239250183,True,Hallikar|Tharparkar|Ongole,True,61.7367000086233
datasets\processed\combined_kaggle_v2\test\Hallikar\Hallikar_e75cd5415d7e.jpg,Hallikar,Hallikar,0.9271520972251892,True,Hallikar|Tharparkar|Ongole,True,57.93270003050566
datasets\processed\combined_kaggle_v2\test\Hallikar\Hallikar_e9652f3c4918.jpg,Hallikar,Hallikar,0.8103645443916321,True,Hallikar|Tharparkar|Sahiwal,True,58.39459999697283
datasets\processed\combined_kaggle_v2\test\Hallikar\Hallikar_f5d1c054aa2e.jpg,Hallikar,Hallikar,0.6806177496910095,True,Hallikar|Ongole|Tharparkar,True,48.717300000134856
datasets\processed\combined_kaggle_v2\test\Hallikar\Hallikar_f8e57d845e4c.jpg,Hallikar,Hallikar,0.6805075407028198,True,Hallikar|Ongole|Tharparkar,True,61.29719997989014
datasets\processed\combined_kaggle_v2\test\Hallikar\Hallikar_fc2d933c64b1.jpg,Hallikar,Hallikar,0.9738978743553162,True,Hallikar|Gir|Tharparkar,True,58.74309997307137
datasets\processed\combined_kaggle_v2\test\Murrah\Murrah_08561bbf87dd.jpg,Murrah,Murrah,0.8777573704719543,True,Murrah|Hallikar|Ongole,True,62.282999977469444
datasets\processed\combined_kaggle_v2\test\Murrah\Murrah_0f72ed55283a.jpg,Murrah,Murrah,0.9885993003845215,True,Murrah|Sahiwal|Ongole,True,55.01800001366064
datasets\processed\combined_kaggle_v2\test\Murrah\Murrah_121ed402ae43.jpg,Murrah,Murrah,0.9921850562095642,True,Murrah|Gir|Ongole,True,58.372800005599856
datasets\processed\combined_kaggle_v2\test\Murrah\Murrah_1314d62a37ba.jpg,Murrah,Murrah,0.9717743396759033,True,Murrah|Ongole|Gir,True,58.39579994790256
datasets\processed\combined_kaggle_v2\test\Murrah\Murrah_178f5110b028.jpg,Murrah,Murrah,0.8612379431724548,True,Murrah|Hallikar|Sahiwal,True,66.6514000040479
datasets\processed\combined_kaggle_v2\test\Murrah\Murrah_1a6e214bbb69.jpg,Murrah,Murrah,0.6375728845596313,True,Murrah|Gir|Sahiwal,True,65.92339999042451
datasets\processed\combined_kaggle_v2\test\Murrah\Murrah_1b75c3e1e2b4.jpg,Murrah,Murrah,0.8865603804588318,True,Murrah|Sahiwal|Hallikar,True,60.371900035534054
datasets\processed\combined_kaggle_v2\test\Murrah\Murrah_21d51559e85b.jpg,Murrah,Murrah,0.8584874272346497,True,Murrah|Sahiwal|Gir,True,58.0628999741748
datasets\processed\combined_kaggle_v2\test\Murrah\Murrah_304a1055d18a.jpg,Murrah,Murrah,0.7692495584487915,True,Murrah|Hallikar|Gir,True,72.98870000522584
datasets\processed\combined_kaggle_v2\test\Murrah\Murrah_382976d078cf.jpg,Murrah,Murrah,0.9206134676933289,True,Murrah|Hallikar|Sahiwal,True,55.9969000169076
datasets\processed\combined_kaggle_v2\test\Murrah\Murrah_3c2b70309c63.jpg,Murrah,Murrah,0.953377902507782,True,Murrah|Ongole|Gir,True,45.66759994486347
datasets\processed\combined_kaggle_v2\test\Murrah\Murrah_401de44549bc.jpg,Murrah,Murrah,0.96138995885849,True,Murrah|Tharparkar|Sahiwal,True,56.291499990038574
datasets\processed\combined_kaggle_v2\test\Murrah\Murrah_5975699dfc86.jpg,Murrah,Murrah,0.9635257124900818,True,Murrah|Gir|Ongole,True,57.54150002030656
datasets\processed\combined_kaggle_v2\test\Murrah\Murrah_6b7da1bef970.jpg,Murrah,Murrah,0.9512760639190674,True,Murrah|Gir|Hallikar,True,56.83920002775267
datasets\processed\combined_kaggle_v2\test\Murrah\Murrah_6beec7e19441.jpg,Murrah,Murrah,0.9357738494873047,True,Murrah|Hallikar|Ongole,True,53.320800012443215
datasets\processed\combined_kaggle_v2\test\Murrah\Murrah_78ea445a0bf1.jpg,Murrah,Murrah,0.8318710923194885,True,Murrah|Gir|Hallikar,True,62.87470000097528
datasets\processed\combined_kaggle_v2\test\Murrah\Murrah_81e852866e9e.jpg,Murrah,Murrah,0.8984463810920715,True,Murrah|Gir|Tharparkar,True,67.47279997216538
datasets\processed\combined_kaggle_v2\test\Murrah\Murrah_8ad1e85929f8.jpg,Murrah,Murrah,0.9548298716545105,True,Murrah|Sahiwal|Ongole,True,51.00430001039058
datasets\processed\combined_kaggle_v2\test\Murrah\Murrah_8ed86f14a24c.jpg,Murrah,Murrah,0.9778019785881042,True,Murrah|Gir|Sahiwal,True,59.39910002052784
datasets\processed\combined_kaggle_v2\test\Murrah\Murrah_9162427b788f.jpg,Murrah,Murrah,0.9131438732147217,True,Murrah|Sahiwal|Hallikar,True,47.93920001247898
datasets\processed\combined_kaggle_v2\test\Murrah\Murrah_933aaa728dab.jpg,Murrah,Murrah,0.9698319435119629,True,Murrah|Hallikar|Gir,True,46.02609999710694
datasets\processed\combined_kaggle_v2\test\Murrah\Murrah_93bc225884dd.jpg,Murrah,Murrah,0.9476873278617859,True,Murrah|Tharparkar|Ongole,True,59.51490002917126
datasets\processed\combined_kaggle_v2\test\Murrah\Murrah_a1db955663e5.jpg,Murrah,Murrah,0.9748104810714722,True,Murrah|Gir|Hallikar,True,50.72010000003502
datasets\processed\combined_kaggle_v2\test\Murrah\Murrah_a5e04ad9ba44.jpg,Murrah,Murrah,0.8432541489601135,True,Murrah|Sahiwal|Tharparkar,True,58.14749997807667
datasets\processed\combined_kaggle_v2\test\Murrah\Murrah_c435130bb30b.jpg,Murrah,Murrah,0.8790760040283203,True,Murrah|Sahiwal|Hallikar,True,62.140900001395494
datasets\processed\combined_kaggle_v2\test\Murrah\Murrah_cb886f8fd232.jpg,Murrah,Murrah,0.9322533011436462,True,Murrah|Gir|Ongole,True,54.7495000064373
datasets\processed\combined_kaggle_v2\test\Murrah\Murrah_d35e68ed7017.jpg,Murrah,Murrah,0.9190924167633057,True,Murrah|Sahiwal|Tharparkar,True,50.07730005308986
datasets\processed\combined_kaggle_v2\test\Murrah\Murrah_e6e88fa5ffd1.jpg,Murrah,Murrah,0.7310116291046143,True,Murrah|Gir|Sahiwal,True,60.284400009550154
datasets\processed\combined_kaggle_v2\test\Murrah\Murrah_e8bd3539aebf.jpg,Murrah,Murrah,0.8905407786369324,True,Murrah|Gir|Sahiwal,True,51.01660004584119
datasets\processed\combined_kaggle_v2\test\Murrah\Murrah_fdbb4c11b91f.jpg,Murrah,Murrah,0.9785566329956055,True,Murrah|Gir|Sahiwal,True,45.34499999135733
datasets\processed\combined_kaggle_v2\test\Ongole\Ongole_051e9b26de00.jpg,Ongole,Ongole,0.589899480342865,True,Ongole|Hallikar|Tharparkar,True,57.07340000662953
datasets\processed\combined_kaggle_v2\test\Ongole\Ongole_063017f9569d.jpg,Ongole,Ongole,0.7561213374137878,True,Ongole|Tharparkar|Hallikar,True,66.6270999936387
datasets\processed\combined_kaggle_v2\test\Ongole\Ongole_0949d1c84fb9.jpg,Ongole,Ongole,0.5285229682922363,True,Ongole|Hallikar|Tharparkar,True,60.34319999162108
datasets\processed\combined_kaggle_v2\test\Ongole\Ongole_1520edb4e765.jpg,Ongole,Tharparkar,0.6081845164299011,False,Tharparkar|Ongole|Gir,True,60.65070000477135
datasets\processed\combined_kaggle_v2\test\Ongole\Ongole_258ff64a3844.jpg,Ongole,Ongole,0.4972154200077057,True,Ongole|Tharparkar|Hallikar,True,74.5937000028789
datasets\processed\combined_kaggle_v2\test\Ongole\Ongole_37dfd6041537.jpg,Ongole,Sahiwal,0.25841832160949707,False,Sahiwal|Ongole|Gir,True,68.82079999195412
datasets\processed\combined_kaggle_v2\test\Ongole\Ongole_4f3406a94195.jpg,Ongole,Ongole,0.3687959313392639,True,Ongole|Hallikar|Tharparkar,True,59.417699987534434
datasets\processed\combined_kaggle_v2\test\Ongole\Ongole_4f6166d926f5.jpg,Ongole,Tharparkar,0.6460761427879333,False,Tharparkar|Ongole|Hallikar,True,50.701100029982626
datasets\processed\combined_kaggle_v2\test\Ongole\Ongole_51137f46c0c8.jpg,Ongole,Ongole,0.5738771557807922,True,Ongole|Tharparkar|Hallikar,True,47.410600003786385
datasets\processed\combined_kaggle_v2\test\Ongole\Ongole_57132d86201c.jpg,Ongole,Ongole,0.3908440172672272,True,Ongole|Tharparkar|Hallikar,True,46.82520002825186
datasets\processed\combined_kaggle_v2\test\Ongole\Ongole_59c308b6bf63.jpg,Ongole,Tharparkar,0.37719589471817017,False,Tharparkar|Ongole|Hallikar,True,59.155200025998056
datasets\processed\combined_kaggle_v2\test\Ongole\Ongole_5a1f522e66b3.jpg,Ongole,Tharparkar,0.5817394852638245,False,Tharparkar|Ongole|Murrah,True,59.70139999408275
datasets\processed\combined_kaggle_v2\test\Ongole\Ongole_61de819d5517.jpg,Ongole,Ongole,0.5936716794967651,True,Ongole|Tharparkar|Hallikar,True,56.563800026196986
datasets\processed\combined_kaggle_v2\test\Ongole\Ongole_81adfa7d3623.jpg,Ongole,Ongole,0.6694768071174622,True,Ongole|Tharparkar|Hallikar,True,60.35490002250299
datasets\processed\combined_kaggle_v2\test\Ongole\Ongole_83318f1786c8.jpg,Ongole,Ongole,0.7747738361358643,True,Ongole|Tharparkar|Hallikar,True,80.19100001547486
datasets\processed\combined_kaggle_v2\test\Ongole\Ongole_866dcf1dfc66.jpg,Ongole,Ongole,0.5423425436019897,True,Ongole|Tharparkar|Murrah,True,80.60470002237707
datasets\processed\combined_kaggle_v2\test\Ongole\Ongole_8a011cb4887c.jpg,Ongole,Tharparkar,0.5176599621772766,False,Tharparkar|Ongole|Murrah,True,60.72820001281798
datasets\processed\combined_kaggle_v2\test\Ongole\Ongole_8cf02211934f.jpg,Ongole,Ongole,0.8214262127876282,True,Ongole|Murrah|Hallikar,True,65.0739999837242
datasets\processed\combined_kaggle_v2\test\Ongole\Ongole_981096297aed.jpg,Ongole,Tharparkar,0.5609192848205566,False,Tharparkar|Ongole|Gir,True,43.210199975874275
datasets\processed\combined_kaggle_v2\test\Ongole\Ongole_a70196421afa.jpg,Ongole,Ongole,0.5088782906532288,True,Ongole|Tharparkar|Hallikar,True,47.77770000509918
datasets\processed\combined_kaggle_v2\test\Ongole\Ongole_a9c765ea3444.jpg,Ongole,Tharparkar,0.7186709642410278,False,Tharparkar|Ongole|Hallikar,True,66.54329999582842
datasets\processed\combined_kaggle_v2\test\Ongole\Ongole_b3cc6228ae96.jpg,Ongole,Hallikar,0.4081164300441742,False,Hallikar|Murrah|Ongole,True,68.53839999530464
datasets\processed\combined_kaggle_v2\test\Ongole\Ongole_c1e7a845d548.jpg,Ongole,Tharparkar,0.626764714717865,False,Tharparkar|Sahiwal|Gir,False,89.88619997398928
datasets\processed\combined_kaggle_v2\test\Ongole\Ongole_de185c0792e8.jpg,Ongole,Ongole,0.36869657039642334,True,Ongole|Tharparkar|Hallikar,True,73.73189995996654
datasets\processed\combined_kaggle_v2\test\Ongole\Ongole_dfc2850ffd96.jpg,Ongole,Hallikar,0.6138246655464172,False,Hallikar|Ongole|Tharparkar,True,64.58300002850592
datasets\processed\combined_kaggle_v2\test\Ongole\Ongole_e229879ccbcd.jpg,Ongole,Hallikar,0.6552790999412537,False,Hallikar|Ongole|Tharparkar,True,60.725599993020296
datasets\processed\combined_kaggle_v2\test\Ongole\Ongole_f162189b6b44.jpg,Ongole,Ongole,0.5554254055023193,True,Ongole|Tharparkar|Murrah,True,53.00110002281144
datasets\processed\combined_kaggle_v2\test\Ongole\Ongole_f66272d09745.jpg,Ongole,Tharparkar,0.8345046639442444,False,Tharparkar|Ongole|Murrah,True,54.800799989607185
datasets\processed\combined_kaggle_v2\test\Ongole\Ongole_fbc60fef2c82.jpg,Ongole,Tharparkar,0.570025622844696,False,Tharparkar|Ongole|Murrah,True,60.08049997035414
datasets\processed\combined_kaggle_v2\test\Ongole\Ongole_fe7b451a2947.jpg,Ongole,Ongole,0.5533259510993958,True,Ongole|Tharparkar|Hallikar,True,49.50229998212308
datasets\processed\combined_kaggle_v2\test\Sahiwal\Sahiwal_058767882b7f.jpg,Sahiwal,Sahiwal,0.6409040689468384,True,Sahiwal|Gir|Murrah,True,47.74000000907108
datasets\processed\combined_kaggle_v2\test\Sahiwal\Sahiwal_0a138f6ef446.jpg,Sahiwal,Sahiwal,0.8581650257110596,True,Sahiwal|Gir|Tharparkar,True,56.89940002048388
datasets\processed\combined_kaggle_v2\test\Sahiwal\Sahiwal_0ae859fe40ef.jpg,Sahiwal,Sahiwal,0.9462247490882874,True,Sahiwal|Gir|Tharparkar,True,69.01279999874532
datasets\processed\combined_kaggle_v2\test\Sahiwal\Sahiwal_0fde9c5168dd.jpg,Sahiwal,Gir,0.3328103721141815,False,Gir|Sahiwal|Tharparkar,True,66.20049994671717
datasets\processed\combined_kaggle_v2\test\Sahiwal\Sahiwal_12b454ab8bca.jpg,Sahiwal,Sahiwal,0.8246877193450928,True,Sahiwal|Gir|Tharparkar,True,79.38449998619035
datasets\processed\combined_kaggle_v2\test\Sahiwal\Sahiwal_1849cc06a034.jpg,Sahiwal,Sahiwal,0.781795859336853,True,Sahiwal|Gir|Tharparkar,True,43.654599983710796
datasets\processed\combined_kaggle_v2\test\Sahiwal\Sahiwal_48b82b76fb41.jpg,Sahiwal,Sahiwal,0.6356125473976135,True,Sahiwal|Gir|Hallikar,True,61.866800009738654
datasets\processed\combined_kaggle_v2\test\Sahiwal\Sahiwal_61c4098620f3.jpg,Sahiwal,Sahiwal,0.5654332637786865,True,Sahiwal|Gir|Murrah,True,61.990899965167046
datasets\processed\combined_kaggle_v2\test\Sahiwal\Sahiwal_70c906e0b51f.jpg,Sahiwal,Sahiwal,0.830865740776062,True,Sahiwal|Gir|Tharparkar,True,56.8519999505952
datasets\processed\combined_kaggle_v2\test\Sahiwal\Sahiwal_71afe64ee0f4.jpg,Sahiwal,Sahiwal,0.8948129415512085,True,Sahiwal|Gir|Murrah,True,62.8485000343062
datasets\processed\combined_kaggle_v2\test\Sahiwal\Sahiwal_757f7fd46ef1.jpg,Sahiwal,Sahiwal,0.6206891536712646,True,Sahiwal|Gir|Hallikar,True,45.820800005458295
datasets\processed\combined_kaggle_v2\test\Sahiwal\Sahiwal_7d0917266220.jpg,Sahiwal,Sahiwal,0.7200813293457031,True,Sahiwal|Murrah|Gir,True,55.81900000106543
datasets\processed\combined_kaggle_v2\test\Sahiwal\Sahiwal_8d92d6c9092b.jpg,Sahiwal,Sahiwal,0.8988927006721497,True,Sahiwal|Gir|Ongole,True,57.41950002266094
datasets\processed\combined_kaggle_v2\test\Sahiwal\Sahiwal_914339f6b7f5.jpg,Sahiwal,Sahiwal,0.7168263792991638,True,Sahiwal|Gir|Hallikar,True,59.05270000221208
datasets\processed\combined_kaggle_v2\test\Sahiwal\Sahiwal_943976d4de2e.jpg,Sahiwal,Sahiwal,0.8521604537963867,True,Sahiwal|Gir|Tharparkar,True,47.1665000077337
datasets\processed\combined_kaggle_v2\test\Sahiwal\Sahiwal_953635b69c24.jpg,Sahiwal,Sahiwal,0.45062726736068726,True,Sahiwal|Gir|Murrah,True,71.04010001057759
datasets\processed\combined_kaggle_v2\test\Sahiwal\Sahiwal_9d35dd4d9f8c.jpg,Sahiwal,Sahiwal,0.6890823841094971,True,Sahiwal|Gir|Tharparkar,True,63.9886999852024
datasets\processed\combined_kaggle_v2\test\Sahiwal\Sahiwal_9dcf73b92e5b.jpg,Sahiwal,Sahiwal,0.8803941011428833,True,Sahiwal|Gir|Murrah,True,77.6458999607712
datasets\processed\combined_kaggle_v2\test\Sahiwal\Sahiwal_ae2cb5e138f3.jpg,Sahiwal,Sahiwal,0.7450546622276306,True,Sahiwal|Gir|Tharparkar,True,67.16109998524189
datasets\processed\combined_kaggle_v2\test\Sahiwal\Sahiwal_af714e49f5ee.jpg,Sahiwal,Sahiwal,0.9143466949462891,True,Sahiwal|Gir|Tharparkar,True,74.01139999274164
datasets\processed\combined_kaggle_v2\test\Sahiwal\Sahiwal_b071b3f1b796.jpg,Sahiwal,Sahiwal,0.8746426105499268,True,Sahiwal|Gir|Murrah,True,62.18619999708608
datasets\processed\combined_kaggle_v2\test\Sahiwal\Sahiwal_b3ecdf60949e.jpg,Sahiwal,Gir,0.560829222202301,False,Gir|Sahiwal|Tharparkar,True,66.79269997403026
datasets\processed\combined_kaggle_v2\test\Sahiwal\Sahiwal_b7173b532dcb.jpg,Sahiwal,Sahiwal,0.6205549836158752,True,Sahiwal|Murrah|Gir,True,56.99000001186505
datasets\processed\combined_kaggle_v2\test\Sahiwal\Sahiwal_bb87880391cb.jpg,Sahiwal,Sahiwal,0.568694531917572,True,Sahiwal|Gir|Hallikar,True,50.44309998629615
datasets\processed\combined_kaggle_v2\test\Sahiwal\Sahiwal_c4e2c8a62c19.jpg,Sahiwal,Sahiwal,0.8523051738739014,True,Sahiwal|Gir|Tharparkar,True,64.56520000938326
datasets\processed\combined_kaggle_v2\test\Sahiwal\Sahiwal_cc685a270cfb.jpg,Sahiwal,Sahiwal,0.6075197458267212,True,Sahiwal|Gir|Murrah,True,63.166100007947534
datasets\processed\combined_kaggle_v2\test\Sahiwal\Sahiwal_d731c9cd1a05.jpg,Sahiwal,Sahiwal,0.870991051197052,True,Sahiwal|Gir|Murrah,True,75.10770001681522
datasets\processed\combined_kaggle_v2\test\Sahiwal\Sahiwal_d7ca7e9a6023.jpg,Sahiwal,Sahiwal,0.5267849564552307,True,Sahiwal|Gir|Hallikar,True,61.98320002295077
datasets\processed\combined_kaggle_v2\test\Sahiwal\Sahiwal_fc6da3dcd5b9.jpg,Sahiwal,Sahiwal,0.6390987634658813,True,Sahiwal|Gir|Hallikar,True,53.15689998678863
datasets\processed\combined_kaggle_v2\test\Sahiwal\Sahiwal_fd5b21eb3ce8.jpg,Sahiwal,Sahiwal,0.903601884841919,True,Sahiwal|Gir|Murrah,True,54.474900010973215
datasets\processed\combined_kaggle_v2\test\Tharparkar\Tharparkar_037df3d5df1e.jpg,Tharparkar,Tharparkar,0.762179434299469,True,Tharparkar|Ongole|Hallikar,True,59.14570001186803
datasets\processed\combined_kaggle_v2\test\Tharparkar\Tharparkar_07b247721cd6.jpg,Tharparkar,Tharparkar,0.5337137579917908,True,Tharparkar|Ongole|Gir,True,61.90010003047064
datasets\processed\combined_kaggle_v2\test\Tharparkar\Tharparkar_154772d35bbe.jpg,Tharparkar,Tharparkar,0.8720875382423401,True,Tharparkar|Ongole|Gir,True,54.81739999959245
datasets\processed\combined_kaggle_v2\test\Tharparkar\Tharparkar_1a0646418b76.jpg,Tharparkar,Hallikar,0.6520211696624756,False,Hallikar|Tharparkar|Ongole,True,49.761699978262186
datasets\processed\combined_kaggle_v2\test\Tharparkar\Tharparkar_1a7f86830b8a.jpg,Tharparkar,Tharparkar,0.4519619345664978,True,Tharparkar|Ongole|Hallikar,True,67.8298999555409
datasets\processed\combined_kaggle_v2\test\Tharparkar\Tharparkar_1cb5cbe2e14f.jpg,Tharparkar,Tharparkar,0.45551156997680664,True,Tharparkar|Hallikar|Ongole,True,48.3076999662444
datasets\processed\combined_kaggle_v2\test\Tharparkar\Tharparkar_3c00b8def22a.jpg,Tharparkar,Tharparkar,0.6785967350006104,True,Tharparkar|Sahiwal|Gir,True,53.08030004380271
datasets\processed\combined_kaggle_v2\test\Tharparkar\Tharparkar_3e5b5c8c7acf.jpg,Tharparkar,Tharparkar,0.8050945997238159,True,Tharparkar|Ongole|Murrah,True,50.773800001479685
datasets\processed\combined_kaggle_v2\test\Tharparkar\Tharparkar_422ff3e34c9e.jpg,Tharparkar,Tharparkar,0.7114958167076111,True,Tharparkar|Ongole|Hallikar,True,55.639500031247735
datasets\processed\combined_kaggle_v2\test\Tharparkar\Tharparkar_5fdf43d70e51.jpg,Tharparkar,Tharparkar,0.567467451095581,True,Tharparkar|Ongole|Hallikar,True,71.87540002632886
datasets\processed\combined_kaggle_v2\test\Tharparkar\Tharparkar_67a783c87f8d.jpg,Tharparkar,Tharparkar,0.6264923810958862,True,Tharparkar|Ongole|Murrah,True,64.62289998307824
datasets\processed\combined_kaggle_v2\test\Tharparkar\Tharparkar_6dfd46d9e122.jpg,Tharparkar,Tharparkar,0.7604796290397644,True,Tharparkar|Hallikar|Gir,True,54.09300001338124
datasets\processed\combined_kaggle_v2\test\Tharparkar\Tharparkar_6ed0d84b3e4d.jpg,Tharparkar,Tharparkar,0.46639445424079895,True,Tharparkar|Ongole|Hallikar,True,77.44949997868389
datasets\processed\combined_kaggle_v2\test\Tharparkar\Tharparkar_8091e09a568e.jpg,Tharparkar,Tharparkar,0.6901904344558716,True,Tharparkar|Hallikar|Ongole,True,76.73079997766763
datasets\processed\combined_kaggle_v2\test\Tharparkar\Tharparkar_81835c6833f1.jpg,Tharparkar,Tharparkar,0.34295889735221863,True,Tharparkar|Ongole|Sahiwal,True,66.59620004938915
datasets\processed\combined_kaggle_v2\test\Tharparkar\Tharparkar_843c4828ad74.jpg,Tharparkar,Tharparkar,0.7643696069717407,True,Tharparkar|Gir|Ongole,True,60.74599997373298
datasets\processed\combined_kaggle_v2\test\Tharparkar\Tharparkar_8c93dabdb5e7.jpg,Tharparkar,Tharparkar,0.8191271424293518,True,Tharparkar|Ongole|Murrah,True,64.20359999174252
datasets\processed\combined_kaggle_v2\test\Tharparkar\Tharparkar_913c9aaf2ff8.jpg,Tharparkar,Tharparkar,0.6530545353889465,True,Tharparkar|Sahiwal|Hallikar,True,70.87900000624359
datasets\processed\combined_kaggle_v2\test\Tharparkar\Tharparkar_aeaa7859ec77.jpg,Tharparkar,Tharparkar,0.7369042634963989,True,Tharparkar|Ongole|Hallikar,True,66.66780001251027
datasets\processed\combined_kaggle_v2\test\Tharparkar\Tharparkar_b52d750800d8.jpg,Tharparkar,Tharparkar,0.9112251996994019,True,Tharparkar|Ongole|Gir,True,66.39539997559041
datasets\processed\combined_kaggle_v2\test\Tharparkar\Tharparkar_c11bbf90b22f.jpg,Tharparkar,Tharparkar,0.9306492209434509,True,Tharparkar|Ongole|Murrah,True,70.1577999861911
datasets\processed\combined_kaggle_v2\test\Tharparkar\Tharparkar_c83a44a30ace.jpg,Tharparkar,Tharparkar,0.5328876972198486,True,Tharparkar|Ongole|Gir,True,71.430700016208
datasets\processed\combined_kaggle_v2\test\Tharparkar\Tharparkar_caf6deb99f3e.jpg,Tharparkar,Tharparkar,0.9441792964935303,True,Tharparkar|Ongole|Murrah,True,69.81869996525347
datasets\processed\combined_kaggle_v2\test\Tharparkar\Tharparkar_ce900ed090dd.jpg,Tharparkar,Tharparkar,0.7767947316169739,True,Tharparkar|Ongole|Gir,True,54.534099996089935
datasets\processed\combined_kaggle_v2\test\Tharparkar\Tharparkar_cf379488711f.jpg,Tharparkar,Tharparkar,0.7101456522941589,True,Tharparkar|Ongole|Murrah,True,60.19270000979304
datasets\processed\combined_kaggle_v2\test\Tharparkar\Tharparkar_d5ebded835f4.jpg,Tharparkar,Tharparkar,0.7869859933853149,True,Tharparkar|Ongole|Hallikar,True,102.71880001528189
datasets\processed\combined_kaggle_v2\test\Tharparkar\Tharparkar_d7a6836c08eb.jpg,Tharparkar,Tharparkar,0.5018870234489441,True,Tharparkar|Ongole|Hallikar,True,72.46659998781979
datasets\processed\combined_kaggle_v2\test\Tharparkar\Tharparkar_e1065c6ab966.jpg,Tharparkar,Tharparkar,0.804673433303833,True,Tharparkar|Ongole|Murrah,True,73.56399996206164
datasets\processed\combined_kaggle_v2\test\Tharparkar\Tharparkar_e5a5e28ab0a0.jpg,Tharparkar,Tharparkar,0.7269228100776672,True,Tharparkar|Ongole|Gir,True,42.742000019643456
datasets\processed\combined_kaggle_v2\test\Tharparkar\Tharparkar_f616316ba0f8.jpg,Tharparkar,Hallikar,0.3983655571937561,False,Hallikar|Ongole|Tharparkar,True,44.54640002222732
